Ticker,Name,Exchange,Category Name,Country
EURUSD=X,Euro vs US Dollar,CCC,,Currency Pair
GBPUSD=X,British Pound vs US Dollar,CCC,,Currency Pair
USDJPY=X,US Dollar vs Japanese Yen,CCC,,Currency Pair
USDCHF=X,US Dollar vs Swiss Franc,CCC,,Currency Pair
AUDUSD=X,Australian Dollar vs US Dollar,CCC,,Currency Pair
USDCAD=X,US Dollar vs Canadian Dollar,CCC,,Currency Pair
NZDUSD=X,New Zealand Dollar vs US Dollar,CCC,,Currency Pair
EURGBP=X,Euro vs British Pound,CCC,,Currency Pair
EURJPY=X,Euro vs Japanese Yen,CCC,,Currency Pair
GBPJPY=X,British Pound vs Japanese Yen,CCC,,Currency Pair
EURCAD=X,Euro vs Canadian Dollar,CCC,,Currency Pair
AUDJPY=X,Australian Dollar vs Japanese Yen,CCC,,Currency Pair
NYA,NYSE Composite Index,NYQ,,USA
IXIC,NASDAQ Composite,NYQ,,USA
SPX,S&P 500 Index,NYQ,,USA
RUT,Russell 2000 Index,NYQ,,USA
XMI,NYSE ARCA Major Market Index,NYQ,,USA
BKX,PHLX Bank Sector Index,NYQ,,USA
TNX,CBOE Interest Rate 10-Year T-Note Index,NYQ,,USA
TYX,CBOE Interest Rate 30-Year T-Bond Index,NYQ,,USA
FVX,CBOE Interest Rate 5-Year T-Note Index,NYQ,,USA
IRX,CBOE Interest Rate 13-Week T-Bill Index,NYQ,,USA
BAC,Bank of America Corporation,NYQ,,USA
KO,The Coca-Cola Company,NYQ,,USA
MSFT,Microsoft Corporation,NYQ,,USA
INTC,Intel Corporation,NYQ,,USA
FB,Facebook Inc.,NYQ,,USA
AAPL,Apple Inc.,NYQ,,USA
AMZN,Amazon.com Inc.,NYQ,,USA
GOOGL,Alphabet Inc.,NYQ,,USA
JNJ,Johnson & Johnson,NYQ,,USA
WMT,Walmart Inc.,NYQ,,USA
JPM,JPMorgan Chase & Co.,NYQ,,USA
V,Visa Inc.,NYQ,,USA
PG,The Procter & Gamble Company,NYQ,,USA
MA,Mastercard Incorporated,NYQ,,USA
UNH,UnitedHealth Group Incorporated,NYQ,,USA
HD,The Home Depot Inc.,NYQ,,USA
T,AT&T Inc.,NYQ,,USA
DIS,The Walt Disney Company,NYQ,,USA
VZ,Verizon Communications Inc.,NYQ,,USA
MRK,Merck & Co. Inc.,NYQ,,USA
PFE,Pfizer Inc.,NYQ,,USA
NFLX,Netflix Inc.,NYQ,,USA
TMO,Thermo Fisher Scientific Inc.,NYQ,,USA
PEP,PepsiCo Inc.,NYQ,,USA
ABT,Abbott Laboratories,NYQ,,USA
CSCO,Cisco Systems Inc.,NYQ,,USA
ABBV,AbbVie Inc.,NYQ,,USA
ACN,Accenture plc,NYQ,,USA
AVGO,Broadcom Inc.,NYQ,,USA
ADBE,Adobe Inc.,NYQ,,USA
CRM,Salesforce.com Inc.,NYQ,,USA
CVX,Chevron Corporation,NYQ,,USA
CMCSA,Comcast Corporation,NYQ,,USA
XOM,Exxon Mobil Corporation,NYQ,,USA
LLY,Eli Lilly and Company,NYQ,,USA
COST,Costco Wholesale Corporation,NYQ,,USA
BMY,Bristol-Myers Squibb Company,NYQ,,USA
NEE,NextEra Energy Inc.,NYQ,,USA
DHR,Danaher Corporation,NYQ,,USA
TXN,Texas Instruments Incorporated,NYQ,,USA
MDT,Medtronic plc,NYQ,,USA
HON,Honeywell International Inc.,NYQ,,USA
AMGN,Amgen Inc.,NYQ,,USA
PM,Philip Morris International Inc.,NYQ,,USA
UNP,Union Pacific Corporation,NYQ,,USA
QCOM,QUALCOMM Incorporated,NYQ,,USA
LIN,Linde plc,NYQ,,USA
LOW,Lowe's Companies Inc.,NYQ,,USA
SBUX,Starbucks Corporation,NYQ,,USA
IBM,International Business Machines Corporation,NYQ,,USA
CAT,Caterpillar Inc.,NYQ,,USA
GS,The Goldman Sachs Group Inc.,NYQ,,USA
MMM,3M Company,NYQ,,USA
UPS,United Parcel Service Inc.,NYQ,,USA
BLK,BlackRock Inc.,NYQ,,USA
CVS,CVS Health Corporation,NYQ,,USA
RTX,Raytheon Technologies Corporation,NYQ,,USA
WFC,Wells Fargo & Company,NYQ,,USA
BA,The Boeing Company,NYQ,,USA
AXP,American Express Company,NYQ,,USA
DE,Deere & Company,NYQ,,USA
TGT,Target Corporation,NYQ,,USA
CHTR,Charter Communications Inc.,NYQ,,USA
LMT,Lockheed Martin Corporation,NYQ,,USA
GILD,Gilead Sciences Inc.,NYQ,,USA
MO,Altria Group Inc.,NYQ,,USA
SPGI,S&P Global Inc.,NYQ,,USA
ISRG,Intuitive Surgical Inc.,NYQ,,USA
BKNG,Booking Holdings Inc.,NYQ,,USA
ADI,Analog Devices Inc.,NYQ,,USA
BAX,Baxter International Inc.,NYQ,,USA
VRTX,Vertex Pharmaceuticals Incorporated,NYQ,,USA
ANTM,Anthem Inc.,NYQ,,USA
CL,COLGATE-PALMOLIVE COMPANY,NYQ,,USA
SYK,Stryker Corporation,NYQ,,USA
AMT,American Tower Corporation,NYQ,,USA
BDX,"Becton, Dickinson and Company",NYQ,,USA
CI,Cigna Corporation,NYQ,,USA
CSX,CSX Corporation,NYQ,,USA
MMC,"Marsh & McLennan Companies, Inc.",NYQ,,USA
CB,Chubb Limited,NYQ,,USA
MU,Micron Technology Inc.,NYQ,,USA
COP,ConocoPhillips,NYQ,,USA
DUK,Duke Energy Corporation,NYQ,,USA
ADP,Automatic Data Processing Inc.,NYQ,,USA
SO,The Southern Company,NYQ,,USA
FIS,Fidelity National Information Services Inc.,NYQ,,USA
NSC,Norfolk Southern Corporation,NYQ,,USA
SHW,The Sherwin-Williams Company,NYQ,,USA
FDX,FedEx Corporation,NYQ,,USA
ITW,Illinois Tool Works Inc.,NYQ,,USA
ICE,Intercontinental Exchange Inc.,NYQ,,USA
CCI,Crown Castle International Corp.,NYQ,,USA
NOC,Northrop Grumman Corporation,NYQ,,USA
GM,General Motors Company,NYQ,,USA
HCA,HCA Healthcare Inc.,NYQ,,USA
WM,Waste Management Inc.,NYQ,,USA
KLAC,KLA Corporation,NYQ,,USA
KMB,Kimberly-Clark Corporation,NYQ,,USA
FCX,Freeport-McMoRan Inc.,NYQ,,USA
ATVI,Activision Blizzard Inc.,NYQ,,USA
MCO,Moody's Corporation,NYQ,,USA
AON,Aon plc,NYQ,,USA
APD,"Air Products and Chemicals, Inc.",NYQ,,USA
MET,"MetLife, Inc.",NYQ,,USA
ORCL,Oracle Corporation,NYQ,,USA
MCK,McKesson Corporation,NYQ,,USA
MDLZ,Mondelez International Inc.,NYQ,,USA
EL,The Estée Lauder Companies Inc.,NYQ,,USA
BSX,Boston Scientific Corporation,NYQ,,USA
SNPS,Synopsys Inc.,NYQ,,USA
EMR,Emerson Electric Co.,NYQ,,USA
PSA,Public Storage,NYQ,,USA
ROP,"Roper Technologies, Inc.",NYQ,,USA
SLB,Schlumberger Limited,NYQ,,USA
AEP,"American Electric Power Company, Inc.",NYQ,,USA
COF,Capital One Financial Corporation,NYQ,,USA
CTAS,Cintas Corporation,NYQ,,USA
CTSH,Cognizant Technology Solutions Corporation,NYQ,,USA
DTE,DTE Energy Company,NYQ,,USA
DOW,Dow Inc.,NYQ,,USA
DRI,"Darden Restaurants, Inc.",NYQ,,USA
ETN,Eaton Corporation plc,NYQ,,USA
EW,Edwards Lifesciences Corporation,NYQ,,USA
F,Ford Motor Company,NYQ,,USA
GD,General Dynamics Corporation,NYQ,,USA
GIS,"General Mills, Inc.",NYQ,,USA
HRL,Hormel Foods Corporation,NYQ,,USA
HUM,Humana Inc.,NYQ,,USA
IDXX,"IDEXX Laboratories, Inc.",NXQ,,USA
INFO,IHS Markit Ltd.,NYQ,,USA
K,Kellogg Company,NYQ,,USA
KHC,The Kraft Heinz Company,NYQ,,USA
LRCX,Lam Research Corporation,NYQ,,USA
MAR,Marriott International Inc.,NYQ,,USA
MNST,Monster Beverage Corporation,NYQ,,USA
NEM,Newmont Corporation,NYQ,,USA
NKE,"NIKE, Inc.",NYQ,,USA
NTAP,"NetApp, Inc.",NYQ,,USA
NUE,Nucor Corporation,NYQ,,USA
OXY,Occidental Petroleum Corporation,NYQ,,USA
PCAR,PACCAR Inc,NYQ,,USA
PH,Parker-Hannifin Corporation,NYQ,,USA
PLD,"Prologis, Inc.",NYQ,,USA
PRU,"Prudential Financial, Inc.",NYQ,,USA
REGN,"Regeneron Pharmaceuticals, Inc.",NYQ,,USA
ROST,"Ross Stores, Inc.",NYQ,,USA
SRE,Sempra Energy,NYQ,,USA
STT,State Street Corporation,NYQ,,USA
STZ,Constellation Brands Inc.,NYQ,,USA
SWK,"Stanley Black & Decker, Inc.",NYQ,,USA
TJX,"The TJX Companies, Inc.",NYQ,,USA
TSN,"Tyson Foods, Inc.",NYQ,,USA
USB,U.S. Bancorp,NYQ,,USA
VLO,Valero Energy Corporation,NYQ,,USA
WELL,Welltower Inc.,NYQ,,USA
WMB,"The Williams Companies, Inc.",NYQ,,USA
WYNN,"Wynn Resorts, Limited",NYQ,,USA
XEL,Xcel Energy Inc.,NYQ,,USA
YUM,"Yum! Brands, Inc.",NYQ,,USA
ZBH,"Zimmer Biomet Holdings, Inc.",NYQ,,USA
ZTS,Zoetis Inc.,NYQ,,USA
